https://www.youtube.com/watch?v=Nlw1YnVW58c	35,39,39,20
https://www.youtube.com/watch?v=UzPq0hDdDhs	17
https://www.youtube.com/watch?v=gvEvRBeYO2M	43,26
https://www.youtube.com/watch?v=XbLZe1r0DJk	5,15
https://www.youtube.com/watch?v=JiOZ4Bz2d-Q	71,16,65,13
https://www.youtube.com/watch?v=dSi0fJq0wKI	17,22
https://www.youtube.com/watch?v=z6Pj5oJzYLM	39,30,36
https://www.youtube.com/watch?v=FD9UTBWo51w	11,39
https://www.youtube.com/watch?v=8AsihR-MCig	62,55,53,67
https://www.youtube.com/watch?v=BntPVmeo7ro	22
https://www.youtube.com/watch?v=0ljPuSfPbSw	36
https://www.youtube.com/watch?v=Ju-ETwtYuT8	28,9,16
https://www.youtube.com/watch?v=mxr83Vkrh00	4,34
https://www.youtube.com/watch?v=PjquJ5hi6zE	99,52
https://www.youtube.com/watch?v=aAVFCH9x7Og	26,57,28
https://www.youtube.com/watch?v=yf39vt0MKug	23,16,24,22
https://www.youtube.com/watch?v=Rv3niQ-w3y0	56,49,56
https://www.youtube.com/watch?v=cXw2gm4yPEE	24
https://www.youtube.com/watch?v=QfwhI5N95y8	16,34,45
https://www.youtube.com/watch?v=E3h-T3KQNxU	21,20,14
https://www.youtube.com/watch?v=ApqQW5Nx1qI	95,16
https://www.youtube.com/watch?v=USD2QsP-Rzw	30,10,26
https://www.youtube.com/watch?v=S2nBBMbjS8w	42
https://www.youtube.com/watch?v=XXwV6lUfMqw	3,4,4
https://www.youtube.com/watch?v=6jyAEqhfHTE	30,60,58,58
https://www.youtube.com/watch?v=7UjqLfjsfMk	14
https://www.youtube.com/watch?v=2Dq2-98HliQ	13,14,28
https://www.youtube.com/watch?v=XLpQDBP20X0	23,11,11
https://www.youtube.com/watch?v=xYA7AnVwejo	13,19
https://www.youtube.com/watch?v=rUFnH7KYMFE	30,34
https://www.youtube.com/watch?v=uVqSmJW7JFg	14
https://www.youtube.com/watch?v=xRtVNIqwUS4	14,7
https://www.youtube.com/watch?v=4okCm_f1YMs	7
https://www.youtube.com/watch?v=1shK-j_u6LI	72,80,16
https://www.youtube.com/watch?v=VK03aVJekGg	30,28,38
https://www.youtube.com/watch?v=g2X9Q-Xre_Q	105,89,90,88
https://www.youtube.com/watch?v=ROzC0-LD1P8	10
https://www.youtube.com/watch?v=bfs8hVNvVik	9
https://www.youtube.com/watch?v=VRrMu7B1L2I	13,15
https://www.youtube.com/watch?v=-7ERMwnoxSI	57,50,56
https://www.youtube.com/watch?v=1WlRcXIO5ik	39
https://www.youtube.com/watch?v=g0jv6M6rW7w	17,17,27
https://www.youtube.com/watch?v=M0mXUC0cUPg	29,16
https://www.youtube.com/watch?v=FyVjesaMg1E	9,46,45
https://www.youtube.com/watch?v=KE9bc5KskM8	65
https://www.youtube.com/watch?v=Ry1X61Vf33U	12
https://www.youtube.com/watch?v=NQhwNtY3N2k	30,36,58
https://www.youtube.com/watch?v=mz0N-jVrRWU	51,21,55
https://www.youtube.com/watch?v=Ta-fub2dbhI	50
https://www.youtube.com/watch?v=kQyAJv_Ordg	25,15
https://www.youtube.com/watch?v=T9BlI9nhqTE	69,66
https://www.youtube.com/watch?v=Ypcm9B6o7pA	1,82
https://www.youtube.com/watch?v=xtJqw--DGl8	47
https://www.youtube.com/watch?v=6uhCxBk6cQE	16
https://www.youtube.com/watch?v=Svg-DvNARKE	37
https://www.youtube.com/watch?v=baicgyq5UQo	23
https://www.youtube.com/watch?v=JndtG8Y7yfw	15,114,115
https://www.youtube.com/watch?v=cDkZqT9IvYE	5
https://www.youtube.com/watch?v=U219eUIZ7Qo	20,60
https://www.youtube.com/watch?v=cw6x80Qdzak	89,58,89
https://www.youtube.com/watch?v=jsP0W7-tEOc	63,56,80
https://www.youtube.com/watch?v=19EW551nCS4	21
https://www.youtube.com/watch?v=RZSkUTWZyeA	5,26,4,20
https://www.youtube.com/watch?v=BoKUmFuV7iQ	54,51,65
https://www.youtube.com/watch?v=a05SWVIPdb8	115,110,115
https://www.youtube.com/watch?v=R2PhoBA8qKY	23,61,61
https://www.youtube.com/watch?v=KQCbke3pps8	7,41,42
https://www.youtube.com/watch?v=fwcYbo7pjto	23
https://www.youtube.com/watch?v=VYp1s6AwuRQ	31,39
https://www.youtube.com/watch?v=u51OxZF1ltI	14,15,14
https://www.youtube.com/watch?v=26bw-hBiAAI	37,17
https://www.youtube.com/watch?v=E3pMBPFUPFM	69,68,74
https://www.youtube.com/watch?v=qbBLDBohgrY	21,22
https://www.youtube.com/watch?v=JhmEARapxK4	9,10,15
https://www.youtube.com/watch?v=i2MhRCYkgbI	10,29
https://www.youtube.com/watch?v=4KKgR5YWmYg	46
https://www.youtube.com/watch?v=syPqNTmupvY	15
https://www.youtube.com/watch?v=r3idOGxm3FA	13
https://www.youtube.com/watch?v=i0IJqIzO_YM	51,88,75
https://www.youtube.com/watch?v=8nMOcw70RX8	10
https://www.youtube.com/watch?v=cc-ClutaN_I	2,58,55,90
https://www.youtube.com/watch?v=0K8lrVjT6fM	52
https://www.youtube.com/watch?v=3pNGO5ppfQ8	50
https://www.youtube.com/watch?v=SvvLsAMsOJM	28,30,39
https://www.youtube.com/watch?v=_HS0UOQjU5w	22
https://www.youtube.com/watch?v=8iHEQxJXq9I	10
https://www.youtube.com/watch?v=69MpLiYhsXw	58,44
https://www.youtube.com/watch?v=g0ha6Mb5_YQ	20,20,18
https://www.youtube.com/watch?v=JDk3GQkTyN4	46,69,60
https://www.youtube.com/watch?v=bRKqFFIw18w	5
https://www.youtube.com/watch?v=bzoE5dlxH2s	23,21
https://www.youtube.com/watch?v=zwY6acYYO3o	62
https://www.youtube.com/watch?v=O6NCUmac3aY	34
https://www.youtube.com/watch?v=WGsch35hQHM	26
https://www.youtube.com/watch?v=PKvNCP76fvM	1,8
https://www.youtube.com/watch?v=J3POpdFlxWE	15
https://www.youtube.com/watch?v=SsL9v1vuzAI	2
https://www.youtube.com/watch?v=j4tXCs4KgmU	8,11,9
https://www.youtube.com/watch?v=WLU75lftzc8	9
https://www.youtube.com/watch?v=RdCs2K_ZEpU	16,76
https://www.youtube.com/watch?v=XH3Xu1-cvII	15,10,42,60
https://www.youtube.com/watch?v=0AHGLGQgAn8	34,24,24,24
https://www.youtube.com/watch?v=qIVDxL2lgN4	40,51,37,40
https://www.youtube.com/watch?v=HtUeBaOzBKs	6,4
https://www.youtube.com/watch?v=WYsrlger-2A	11,38
https://www.youtube.com/watch?v=O7jAhwbUfNE	18,5
https://www.youtube.com/watch?v=6i-nMWgBUp0	23
https://www.youtube.com/watch?v=-5X2kzIDroA	58,30,56
https://www.youtube.com/watch?v=SXy6JElmgHU	52,42
https://www.youtube.com/watch?v=V9epMG_zeYw	27,24,25
https://www.youtube.com/watch?v=a0YTHkqtzOI	47
https://www.youtube.com/watch?v=FCOlOcMk8XI	11,13
https://www.youtube.com/watch?v=WF_HqZrrx0c	55,53
https://www.youtube.com/watch?v=2_M0SDk3ZaM	15,18,15
https://www.youtube.com/watch?v=fXT3Sma4-rg	18,24,8,20
https://www.youtube.com/watch?v=4u_Ed0Bh-s0	12,21
https://www.youtube.com/watch?v=4XQ7x7c2hkQ	22,44,21
https://www.youtube.com/watch?v=pR236CYNZfg	57,44,51
https://www.youtube.com/watch?v=l1vvlpJ8BEE	18,6
https://www.youtube.com/watch?v=3JsyhaGHq_E	36
https://www.youtube.com/watch?v=MTx9-ohAeWo	83,53
https://www.youtube.com/watch?v=K8dGb3-ZCHM	24,24,23,22
https://www.youtube.com/watch?v=wO8-L-7SF5E	10,10
https://www.youtube.com/watch?v=QXAYIYdvnys	12
https://www.youtube.com/watch?v=95QcBNJN984	28,68
https://www.youtube.com/watch?v=rCwn1NTK-50	6
https://www.youtube.com/watch?v=7QV-F7rlmtY	82
https://www.youtube.com/watch?v=GEVMkdScUZc	21,22
https://www.youtube.com/watch?v=dlNnjtEXyi0	17,19,30
https://www.youtube.com/watch?v=JOJ01KXTw-A	50,45,50
https://www.youtube.com/watch?v=eikcKu89fDs	14,27
https://www.youtube.com/watch?v=L0KmvWL6Dfw	31,31
https://www.youtube.com/watch?v=TBXe-XerqRI	10
https://www.youtube.com/watch?v=yx5ZKZY8jX0	29,20,24
https://www.youtube.com/watch?v=SqtxzgFpP6U	20,20,19
https://www.youtube.com/watch?v=QCsd_reCiSI	20
https://www.youtube.com/watch?v=z_Wah7jp0Jw	6,10,12
https://www.youtube.com/watch?v=JJmqCKtJnxM	54
https://www.youtube.com/watch?v=VhK5gJDmSc8	22
https://www.youtube.com/watch?v=QrnoERrXXAQ	10,16
https://www.youtube.com/watch?v=WA1h9h7-_Z4	58,58,14
https://www.youtube.com/watch?v=AK88MQWsYj8	49,59,58,58
https://www.youtube.com/watch?v=6yVMik5Mfwk	39,22,34,32
https://www.youtube.com/watch?v=nojWJ6-XmeQ	10,33,23,35
https://www.youtube.com/watch?v=ZcgzoGU141o	31,35,36
https://www.youtube.com/watch?v=3d5id_cwHUM	10
https://www.youtube.com/watch?v=ItX7H66gsrQ	10
https://www.youtube.com/watch?v=dDTBnsqxZ3k	38,37,57,37
https://www.youtube.com/watch?v=I9Bv1J0wK3k	54,82
https://www.youtube.com/watch?v=krhB_An8fT4	38
https://www.youtube.com/watch?v=g6QJybQBjyM	600
https://www.youtube.com/watch?v=2o1TA0PG6pA	8,5
https://www.youtube.com/watch?v=rt7JZSrDJA8	110,88,110
https://www.youtube.com/watch?v=MsmxhpjYa5o	83,61
https://www.youtube.com/watch?v=796KD4SNzwE	26,27
https://www.youtube.com/watch?v=KY82nmR7U4o	14,17,14
https://www.youtube.com/watch?v=L4mP9pR-mzU	22
https://www.youtube.com/watch?v=nOsdS5irjAo	26
https://www.youtube.com/watch?v=d2QNuDUTocE	12
https://www.youtube.com/watch?v=Jze_zGYTGxY	13,5
https://www.youtube.com/watch?v=fMuw1guPdts	4,4
https://www.youtube.com/watch?v=D9_WzE28IwE	8
https://www.youtube.com/watch?v=lVQsqs7xCb8	72
https://www.youtube.com/watch?v=spCknVcaSHg	16,110,117
https://www.youtube.com/watch?v=eZgD89VYkVc	27,27
https://www.youtube.com/watch?v=Ed3vswxJKgI	20,47
https://www.youtube.com/watch?v=INyo5ctzmGo	23
https://www.youtube.com/watch?v=Hsufiso4mLo	59,43,65
https://www.youtube.com/watch?v=dUig9IAwggM	20,45,100
https://www.youtube.com/watch?v=tviPLpD8VG8	22,13
https://www.youtube.com/watch?v=iQnmoquHwaA	7,1
https://www.youtube.com/watch?v=cZTD62e566U	17
https://www.youtube.com/watch?v=oLLbt0jyqDA	56
https://www.youtube.com/watch?v=dKj4PDldebc	72
https://www.youtube.com/watch?v=IdL5stxwXws	2,26,25
https://www.youtube.com/watch?v=c9THt-uJRTU	17,14,13
https://www.youtube.com/watch?v=GcVF5wR0kUw	12,5,2,14
https://www.youtube.com/watch?v=1TS0yS0sUaM	68
https://www.youtube.com/watch?v=h1HQxcTYTho	16,20
https://www.youtube.com/watch?v=X4GZfvXx9Js	24,22
https://www.youtube.com/watch?v=nVtWGS1bAtU	9
https://www.youtube.com/watch?v=GdZxbmEHW7M	70
https://www.youtube.com/watch?v=qriNbVCIsow	48,12,60
https://www.youtube.com/watch?v=W-dbAzEERb8	9,9,8
https://www.youtube.com/watch?v=v8DWf-rSHn0	55
https://www.youtube.com/watch?v=nz3qGgt7b2s	16,30
https://www.youtube.com/watch?v=0-U4Yr9UNBo	25,28,24
https://www.youtube.com/watch?v=v1HMR9nRmlY	6,24
https://www.youtube.com/watch?v=7b5CKSqlz60	43,20
https://www.youtube.com/watch?v=V7g4e5m5aRc	25
https://www.youtube.com/watch?v=onbZV52GWpk	25,23,20
https://www.youtube.com/watch?v=4k0AGQyMbFE	109,114
https://www.youtube.com/watch?v=n9tSN0178Us	40
https://www.youtube.com/watch?v=vTbG8OQcE1o	27
https://www.youtube.com/watch?v=z0nrVYvE0b8	10,11
https://www.youtube.com/watch?v=yXE_p_1Squg	59,45
https://www.youtube.com/watch?v=Sm_cJiDLQ74	57,60
https://www.youtube.com/watch?v=9Ac-PGCfxFE	90,32
https://www.youtube.com/watch?v=6IweE9qcQZ4	8
https://www.youtube.com/watch?v=ZEKqLxtjwDQ	80,91,11
https://www.youtube.com/watch?v=g8qLBtTnALs	34,36
https://www.youtube.com/watch?v=lqmrQ6xPpHg	10,13
https://www.youtube.com/watch?v=UTYPim-9XWw	38,40,36
https://www.youtube.com/watch?v=bZIzRqDOSZo	11,28,15
https://www.youtube.com/watch?v=wtaXjzQQGE8	20,20
https://www.youtube.com/watch?v=kwcL-VP3FYc	44,49,44,46
https://www.youtube.com/watch?v=NX0i5rLzAP4	30,40,38
https://www.youtube.com/watch?v=WTHkY42X8FI	10
https://www.youtube.com/watch?v=oLUPlTA9gsY	74,60
https://www.youtube.com/watch?v=Cs6A-FCUPdw	20,19
https://www.youtube.com/watch?v=KTJ7BPvw-Co	66,66
https://www.youtube.com/watch?v=UUNIeOB0whI	41,43
https://www.youtube.com/watch?v=rKUNJMrFeUs	30
https://www.youtube.com/watch?v=gMZM8MG6X1o	20,20,21
https://www.youtube.com/watch?v=Owywvqg5IOQ	37,49
https://www.youtube.com/watch?v=WO15VbjYv54	26,30,27
https://www.youtube.com/watch?v=_HckRLrBXQM	113,18,89
https://www.youtube.com/watch?v=HexTZbSIEII	29
https://www.youtube.com/watch?v=Sjl5_vDfiuM	44,30
https://www.youtube.com/watch?v=PJKAr1r5zlA	29,30
https://www.youtube.com/watch?v=MTgeUVOxl8E	23,28
https://www.youtube.com/watch?v=zAQa8YWyXTA	62,65,63
https://www.youtube.com/watch?v=Ml54UuAoLSo	50
https://www.youtube.com/watch?v=OB6r2Wi0E98	22
https://www.youtube.com/watch?v=AUc4wJRa9-g	14,12
https://www.youtube.com/watch?v=i7mmXeRvgLo	32,32
https://www.youtube.com/watch?v=ccWrbGEFgI8	52,54
https://www.youtube.com/watch?v=Ti6saRaKJYM	65,91,64
https://www.youtube.com/watch?v=x7AIfMpyHtA	30,4
https://www.youtube.com/watch?v=I0ZqXv8KsJc	57,35
https://www.youtube.com/watch?v=Z_hwMtG2xCs	46,10,46,41
https://www.youtube.com/watch?v=fNZf5shOq5k	5,15
https://www.youtube.com/watch?v=t7kxPYzigCQ	26,12,11,28
https://www.youtube.com/watch?v=KHx0_NFuGb4	29
https://www.youtube.com/watch?v=__kJ7HsL10Y	0
https://www.youtube.com/watch?v=gQPN3UKQM-U	47,45
https://www.youtube.com/watch?v=rWfqkrAM8IY	22,30
https://www.youtube.com/watch?v=lvBCvA1LE8o	1,11,15
https://www.youtube.com/watch?v=4jpmWTqKeW0	42
https://www.youtube.com/watch?v=HAIWK9IXpHg	49
https://www.youtube.com/watch?v=LI3KRcGEkZg	52,53,52
https://www.youtube.com/watch?v=ybdoIj5y_XE	25
https://www.youtube.com/watch?v=XVLBEsG0MH4	78,51,82
https://www.youtube.com/watch?v=UU0SP91D9Js	52
https://www.youtube.com/watch?v=A8N1RZweP6U	13
https://www.youtube.com/watch?v=g7xSwrdkOMM	22,5
https://www.youtube.com/watch?v=IwrstxuicZk	17,25,14,2
https://www.youtube.com/watch?v=w2DZN3NWefA	48
https://www.youtube.com/watch?v=8Ozc-h-29M0	20
https://www.youtube.com/watch?v=R-hl57xTLE8	50,33,72
https://www.youtube.com/watch?v=rfpAkNyHAtQ	39,51,58
https://www.youtube.com/watch?v=VX32RKuqIVs	13,13
https://www.youtube.com/watch?v=AZ56zUxpXes	41,41
https://www.youtube.com/watch?v=x4amZnI_1dE	4
https://www.youtube.com/watch?v=nfzWl8dDqwc	51,19,15,48
https://www.youtube.com/watch?v=juDuVT2goxs	44,45
https://www.youtube.com/watch?v=AgdqKj85jVk	3
https://www.youtube.com/watch?v=DhOIJBk7KaU	4,23,23
https://www.youtube.com/watch?v=jtXLAKwssPQ	26,26,14
https://www.youtube.com/watch?v=BGs8PDQmbLQ	8,13
https://www.youtube.com/watch?v=jpldOdMH2w0	18,8
https://www.youtube.com/watch?v=7t2mi19DcmE	56,37
https://www.youtube.com/watch?v=qqpcBpSsj1A	111,13
https://www.youtube.com/watch?v=ZvEPYH7GRUM	10
https://www.youtube.com/watch?v=lnuCDXMoZd4	59,82
https://www.youtube.com/watch?v=_NJKQkQu3NI	26,14
https://www.youtube.com/watch?v=VX5au0LOJp8	10
https://www.youtube.com/watch?v=ojqMGlqYHPg	12,13
https://www.youtube.com/watch?v=_WXDXoy9wrM	76,67
https://www.youtube.com/watch?v=0ji_-OJlVbI	12,74
https://www.youtube.com/watch?v=BUpky0h5_PE	38
https://www.youtube.com/watch?v=IDAr48u3BB0	45,40,41
https://www.youtube.com/watch?v=HK958YS_YNA	19,23
https://www.youtube.com/watch?v=e4SQT8epHOc	49
https://www.youtube.com/watch?v=mh6vHoyBs58	48
https://www.youtube.com/watch?v=u9FEg5qur14	86,97
https://www.youtube.com/watch?v=FhfcdqMTtU4	30,12
https://www.youtube.com/watch?v=DxDsx8HfXEk	46,38,60
https://www.youtube.com/watch?v=vQt2NRT5yP4	78
https://www.youtube.com/watch?v=bXL8QPWLbBo	2,21,15
https://www.youtube.com/watch?v=d_MreRQ7_-w	48
https://www.youtube.com/watch?v=F-n-2itvI6M	26,28,18
https://www.youtube.com/watch?v=kWSIFh8ICaA	12
https://www.youtube.com/watch?v=-U3LjDN8ErI	11,13
https://www.youtube.com/watch?v=KSRHLwYgLSM	13,5
https://www.youtube.com/watch?v=_hnOCUkbix0	29,63
https://www.youtube.com/watch?v=XFsZ6BO4LU0	40,85,9,73
https://www.youtube.com/watch?v=W5N5Hlt7B2M	24,26,27
https://www.youtube.com/watch?v=jssITlGSR4w	15,104
https://www.youtube.com/watch?v=MkpUGyWQlV0	24
https://www.youtube.com/watch?v=U9gBE9g_iZY	12
https://www.youtube.com/watch?v=j7OHG7tHrNM	48
https://www.youtube.com/watch?v=1z-36uCr9XI	56,70,68
https://www.youtube.com/watch?v=7DrFY3H-u8w	48
https://www.youtube.com/watch?v=xw1NIDFUdJI	24,29,27
https://www.youtube.com/watch?v=hNhSBhJHBls	35,41,36
https://www.youtube.com/watch?v=BDj1fYlwR00	48,55
https://www.youtube.com/watch?v=_UKLncvGxQ8	8,11,10
https://www.youtube.com/watch?v=jJRQSsT34-8	72,36
https://www.youtube.com/watch?v=oDdZP2Ge6TY	36,38
https://www.youtube.com/watch?v=Wecenw1IWHY	54,26,58
https://www.youtube.com/watch?v=BgZluCEBS6w	34,52
https://www.youtube.com/watch?v=HgwvNhQ_YzQ	12,13
https://www.youtube.com/watch?v=oYcGSeXiUI8	4
https://www.youtube.com/watch?v=XG0_olXLkKg	85
https://www.youtube.com/watch?v=OAlyHUWjNjE	76,77
https://www.youtube.com/watch?v=kdr_8uvG9hM	92,93,90
https://www.youtube.com/watch?v=orc5fBf14vs	81,14,33
https://www.youtube.com/watch?v=pEoZbXB78NI	11
https://www.youtube.com/watch?v=YKjnuR1ILfY	18
https://www.youtube.com/watch?v=Ak4hpFbIbfo	6
https://www.youtube.com/watch?v=jc5XQSVeQ2c	47,58,47
https://www.youtube.com/watch?v=mG4Di2nytAk	24,20
https://www.youtube.com/watch?v=yZ1XM9LwS64	49,12,35
https://www.youtube.com/watch?v=SaeJUCVEp2s	6,31
https://www.youtube.com/watch?v=350tD8E7htM	21
https://www.youtube.com/watch?v=awq90APEVgw	56,42,55
https://www.youtube.com/watch?v=4Zv9vRz4QYM	12
https://www.youtube.com/watch?v=-5zYYZpuTbU	28,28
https://www.youtube.com/watch?v=TJKftD6fTj0	10,3
https://www.youtube.com/watch?v=56D1U2G_ueg	2
https://www.youtube.com/watch?v=CLzi3okueM8	28,28
https://www.youtube.com/watch?v=x24tpUkfL5w	66,62,68
https://www.youtube.com/watch?v=y5pzhmGX1sk	52,73,78
https://www.youtube.com/watch?v=ctemZdDG7YA	6,43,52
https://www.youtube.com/watch?v=nWJut7KQhI4	40,40
https://www.youtube.com/watch?v=jmNrvlQ73pU	40,27
https://www.youtube.com/watch?v=WHdYDNs0qq4	50,60
https://www.youtube.com/watch?v=TW9eDrgM3Xw	6
https://www.youtube.com/watch?v=o50_ZlMnjqY	44,58
https://www.youtube.com/watch?v=uhhcaN03tXs	15,87
https://www.youtube.com/watch?v=Wo6BkRgvYF8	45,44
https://www.youtube.com/watch?v=z9Cym8YHP94	56
https://www.youtube.com/watch?v=cLqnbOhRovY	24,18,18
https://www.youtube.com/watch?v=ttw4abodSJE	56
https://www.youtube.com/watch?v=qAGVilt3Rls	15,41,15
https://www.youtube.com/watch?v=HtYOm59fys8	24
https://www.youtube.com/watch?v=0WUF3yjgGf4	38
https://www.youtube.com/watch?v=Zov6yho65G0	54,65,111
https://www.youtube.com/watch?v=82-H6MZnT44	34
https://www.youtube.com/watch?v=Cclzg9ZiUG4	10
https://www.youtube.com/watch?v=Q4rR0BbTBPk	19
https://www.youtube.com/watch?v=wToxrHzVpxU	48,48
https://www.youtube.com/watch?v=R41NNPBqRCk	28,25
https://www.youtube.com/watch?v=BhYnz0JQKUo	30,39,38
https://www.youtube.com/watch?v=2IRWtukPJag	50,55
https://www.youtube.com/watch?v=ieSzsh4hJWI	3,53
https://www.youtube.com/watch?v=qc5dR5_QKo4	15,15
https://www.youtube.com/watch?v=jmCwWbAWyZ8	10,20,11
https://www.youtube.com/watch?v=G1cVbfyFdf0	85,45
https://www.youtube.com/watch?v=ClKMIr3WpjY	41,41,42,56
https://www.youtube.com/watch?v=S3QH-ZriX7E	41
https://www.youtube.com/watch?v=n8E6kPJT0tU	12,12
https://www.youtube.com/watch?v=i3Nkujj45pk	49,52,40,53
https://www.youtube.com/watch?v=0QkZL3l1t-w	84
https://www.youtube.com/watch?v=qQYe6KGAJ5E	60
https://www.youtube.com/watch?v=qAY_o36paQ0	49,23,50
https://www.youtube.com/watch?v=OWOBAD4OKwA	6
https://www.youtube.com/watch?v=aaZnRfrrunA	19
https://www.youtube.com/watch?v=VZ9lXgcYL50	23
https://www.youtube.com/watch?v=pCOeEIcldgc	23
https://www.youtube.com/watch?v=oVDf3PvWN04	2
https://www.youtube.com/watch?v=4naT8ckkj5Y	12
https://www.youtube.com/watch?v=Ug75diEyiA0	30,7,7
https://www.youtube.com/watch?v=9Lw-2ZGvyLw	5
https://www.youtube.com/watch?v=7Ol2HYCnVbs	56
https://www.youtube.com/watch?v=wEKFJWdJ5jg	90,1,79
https://www.youtube.com/watch?v=UQtqa5F88LM	43,28,29
https://www.youtube.com/watch?v=pI_zfyJn5QU	90,90,90
https://www.youtube.com/watch?v=HbTs3TLo414	69,77,72
https://www.youtube.com/watch?v=pcodyFKKdVM	32,32,33,34
https://www.youtube.com/watch?v=CXO_zyozrHA	34,35,34,32
https://www.youtube.com/watch?v=LRgqD7JgF-U	27,64,74
https://www.youtube.com/watch?v=HdeX6CbeoKY	4,25,15
https://www.youtube.com/watch?v=lDypBPyWiak	10,9
https://www.youtube.com/watch?v=SJT2o0W9I00	30,32
https://www.youtube.com/watch?v=DJLDF6qZUX0	10,13
https://www.youtube.com/watch?v=N6Ns-SpRQmU	27,29
https://www.youtube.com/watch?v=zrIe6n-ZK_E	27,21
https://www.youtube.com/watch?v=VdonoCCQF9o	6,27,24
https://www.youtube.com/watch?v=fylVXsXr5Jk	7
https://www.youtube.com/watch?v=DOIQ5i87-Kg	36,58,58
https://www.youtube.com/watch?v=l1vnsqbnAkk	103,72,89
https://www.youtube.com/watch?v=HjKRxa7ZyMs	35,15
https://www.youtube.com/watch?v=L8HLt6ogZsg	13,10
https://www.youtube.com/watch?v=1XLyCDsKhGo	53
https://www.youtube.com/watch?v=PPqKOfCzN20	44,74,44,45
https://www.youtube.com/watch?v=FqhFUbtpiB4	83,81
https://www.youtube.com/watch?v=PewCSYS6a6s	19
https://www.youtube.com/watch?v=aI20RX5j76w	21
https://www.youtube.com/watch?v=7gPc6027rb8	94
https://www.youtube.com/watch?v=_U_4J_e6tQM	47,47,48
https://www.youtube.com/watch?v=dNjIpip6e3A	22,12
https://www.youtube.com/watch?v=X7ifDf6chNw	48
https://www.youtube.com/watch?v=zhdZcBsa-dk	18,27,22
https://www.youtube.com/watch?v=kjc8kOCB3_k	23,21
https://www.youtube.com/watch?v=B1Vcbm-XWtg	28,22
https://www.youtube.com/watch?v=KKNUrASDloE	27,30
https://www.youtube.com/watch?v=K_-GdDx2TzE	30
https://www.youtube.com/watch?v=tjgtLSHhTPg	25
https://www.youtube.com/watch?v=pQpQuGV_gMA	20
https://www.youtube.com/watch?v=M4dTKckmLwE	7
https://www.youtube.com/watch?v=w4kHmbZTvyI	30
https://www.youtube.com/watch?v=czYixQFLbd4	48,54,20,32
https://www.youtube.com/watch?v=9ypxRGSrS-k	47,20,56
https://www.youtube.com/watch?v=yR0lWICH3rY	37
https://www.youtube.com/watch?v=QT8AiihKFR0	50
https://www.youtube.com/watch?v=29dlGyKAySY	28,27
https://www.youtube.com/watch?v=AWp297iE6Iw	6,42
https://www.youtube.com/watch?v=Vot3KDw2z3o	34,44
https://www.youtube.com/watch?v=Pblj3JHF-Jo	54,57,48
https://www.youtube.com/watch?v=ZUG9qYTJMsI	77
https://www.youtube.com/watch?v=HbJHkwHZCCM	9,28,28
https://www.youtube.com/watch?v=hFYCjZvv8y4	39,38
https://www.youtube.com/watch?v=39RQH0mpsVQ	20
https://www.youtube.com/watch?v=Du1dnKppn-s	24
https://www.youtube.com/watch?v=UucLMljiDHg	22,26,27,27
https://www.youtube.com/watch?v=KSZ4tSoumNk	57,36,45,55
https://www.youtube.com/watch?v=um2ro-3T8A0	0,2
https://www.youtube.com/watch?v=bK4ks_2CxxU	11,5,10
https://www.youtube.com/watch?v=l6i-gYRAwM0	35
https://www.youtube.com/watch?v=ejMqe1WBtEQ	91,90
https://www.youtube.com/watch?v=-2l-FdatcTI	102
https://www.youtube.com/watch?v=_9rL1pPXblQ	12
https://www.youtube.com/watch?v=yfFs0o6pCxc	29
https://www.youtube.com/watch?v=qeEC4BDyhNs	25,21,14,16
https://www.youtube.com/watch?v=4b9Ji7DvsjU	4,80,61
https://www.youtube.com/watch?v=HJxkAcj9TKM	14,17
https://www.youtube.com/watch?v=zmI_uwjTuY0	15
https://www.youtube.com/watch?v=k1OTQQ9u7XI	35,46
https://www.youtube.com/watch?v=zv0ZPyj7S6M	31,52,55
https://www.youtube.com/watch?v=f1PNQwHZuJc	47
https://www.youtube.com/watch?v=S_JjGZYpy7I	15,19
https://www.youtube.com/watch?v=fq9mw8wR-1Q	90,61
https://www.youtube.com/watch?v=bB90Vkyqrts	29,28,30,30
https://www.youtube.com/watch?v=iTXN9uCd0mw	22
https://www.youtube.com/watch?v=uvMvIVd3S7A	26,18,20
https://www.youtube.com/watch?v=N55Xcid1eWg	40
https://www.youtube.com/watch?v=afS5ks54tms	38,53,40
https://www.youtube.com/watch?v=zKaIlT_lK1s	8,21
https://www.youtube.com/watch?v=HG8tqEUTlvs	58,56,55
https://www.youtube.com/watch?v=WdKHNZS3cy0	6
https://www.youtube.com/watch?v=sM7MSXNmFpM	11,19,25
https://www.youtube.com/watch?v=a2RY14Zqdvw	47,48
https://www.youtube.com/watch?v=-nYhixp7bXI	27
https://www.youtube.com/watch?v=FmlzOh-1KJA	15,11
https://www.youtube.com/watch?v=RLsXfrDwf9Y	34
https://www.youtube.com/watch?v=TiWbtpX4jsI	23,17,26
https://www.youtube.com/watch?v=vUAPQ-zAUTE	55,56
https://www.youtube.com/watch?v=LVrQmgihkQI	71,75
https://www.youtube.com/watch?v=4FlwJwL6kdo	25
https://www.youtube.com/watch?v=sbKBvrEr2wE	18,26,15
https://www.youtube.com/watch?v=glPUjj0HIvw	18
https://www.youtube.com/watch?v=UNabu9daJUc	27
https://www.youtube.com/watch?v=1qB0lb401ZU	47,39,37
https://www.youtube.com/watch?v=9gspElv1yvc	118
https://www.youtube.com/watch?v=bSyh4oPLXpU	20
https://www.youtube.com/watch?v=2fQUYCPe3Cs	61
https://www.youtube.com/watch?v=M-XIMtd8ilM	7
https://www.youtube.com/watch?v=CFHpEF261Eg	15,22,19
https://www.youtube.com/watch?v=1MF4sCvkAAA	26,23
https://www.youtube.com/watch?v=YY5KxPI6ApI	39,78
https://www.youtube.com/watch?v=73wV6KlGm-A	53
https://www.youtube.com/watch?v=U0Ezto8HG_8	85
https://www.youtube.com/watch?v=T36fK0A8ByI	19,28,27
https://www.youtube.com/watch?v=fyxJwYV1a6s	20,20,20
https://www.youtube.com/watch?v=E3Onos4Eq3Y	20,21,11
https://www.youtube.com/watch?v=kdFh8P8Ijng	30
https://www.youtube.com/watch?v=sV6ITSt4jzM	26,15,28
https://www.youtube.com/watch?v=4HGR2_uN-f0	6,10
https://www.youtube.com/watch?v=64KZVm0kWnc	3,27,3
https://www.youtube.com/watch?v=2ywv_JCyolU	23,10,19
https://www.youtube.com/watch?v=d8AEoNHSJZ0	78,87
https://www.youtube.com/watch?v=KJXzkUH72cY	53
https://www.youtube.com/watch?v=meW77mdWU7g	38,36,22
https://www.youtube.com/watch?v=4pcO7_S2WQs	23,20
https://www.youtube.com/watch?v=7iSA4FPLPv0	36,38,29,30
https://www.youtube.com/watch?v=wYCNYifjjgs	17
https://www.youtube.com/watch?v=XoVVLtkDWq4	35,37
https://www.youtube.com/watch?v=zcdDg30VBgo	52,49
https://www.youtube.com/watch?v=iZIHSn1ILxs	55
https://www.youtube.com/watch?v=pnISZdg_3lw	6,14,6
https://www.youtube.com/watch?v=ZTUt7kpM_LA	56,48
https://www.youtube.com/watch?v=CdKcjxUib4Q	68,64,65
https://www.youtube.com/watch?v=xM_VQ3NZsf8	16,19
https://www.youtube.com/watch?v=lfABnAS5i9Q	18
https://www.youtube.com/watch?v=1j6YA03hm4k	27,27,27
https://www.youtube.com/watch?v=TCKVc-y3Uak	28,24
https://www.youtube.com/watch?v=IuUyMMXix8M	29,50
https://www.youtube.com/watch?v=wcAXkD9DjD8	69,32,48
https://www.youtube.com/watch?v=0LcHFkXmCb8	46,108
https://www.youtube.com/watch?v=90fRlMQTdSs	29
https://www.youtube.com/watch?v=Jg5--STf-iE	6,9
https://www.youtube.com/watch?v=6iQ7ZDUutU4	52,37
https://www.youtube.com/watch?v=NoOqyH03p3Q	61,90,55
https://www.youtube.com/watch?v=sq9r50EYJh0	5,24,24,24
https://www.youtube.com/watch?v=PAjWzgYjG0M	6,18,26
https://www.youtube.com/watch?v=TeUcij3L9No	16
https://www.youtube.com/watch?v=mP-Pb4L_hBc	13,12
https://www.youtube.com/watch?v=IT_MbDpfOBE	8
https://www.youtube.com/watch?v=2T-AxWMZBfU	42
https://www.youtube.com/watch?v=jutQL0DNstM	11,10,11
https://www.youtube.com/watch?v=CDuxXjaJwbI	28,25,28
https://www.youtube.com/watch?v=GI4QhYrDQjQ	21,16,18
https://www.youtube.com/watch?v=8JAhnmtotIM	63,61,56
https://www.youtube.com/watch?v=b-CJNGx_Q0A	35
https://www.youtube.com/watch?v=Zpk2uauRdA8	70
https://www.youtube.com/watch?v=LJP1DphOWPs	35
https://www.youtube.com/watch?v=rFdhGh8eG3U	22,16
https://www.youtube.com/watch?v=dpzu3HM2CIo	15,15
https://www.youtube.com/watch?v=PqyiFtLnKkc	26,27,20
https://www.youtube.com/watch?v=dWspEgdrUdM	20
https://www.youtube.com/watch?v=q8MLuni8rzc	21,22,30,23
https://www.youtube.com/watch?v=zvq5rMEbNbw	18,14,16,14
https://www.youtube.com/watch?v=O-9xmen--6k	2
https://www.youtube.com/watch?v=YV8zGNe7Ebg	21,19
https://www.youtube.com/watch?v=o6afGyzyrVE	52,15,14,62
https://www.youtube.com/watch?v=g7trxwtUgVg	20,18
https://www.youtube.com/watch?v=tfcoOFmZbVw	9,15,10
https://www.youtube.com/watch?v=LO6TpbqTTxI	85,94,92
https://www.youtube.com/watch?v=HHPzxa6znPU	47,11
https://www.youtube.com/watch?v=dlcbYh3IKVM	19,19,20,20
https://www.youtube.com/watch?v=t0EFibqP-7w	19,8,9
https://www.youtube.com/watch?v=6-2L4PTV14A	35,68,87
https://www.youtube.com/watch?v=23kdGfzDaCs	12
https://www.youtube.com/watch?v=10okyjMjlH8	37
https://www.youtube.com/watch?v=XkaWyrm8EQg	24
https://www.youtube.com/watch?v=-cSFPIwMEq4	94,93,92
https://www.youtube.com/watch?v=7MJu_aWn1nI	11
https://www.youtube.com/watch?v=verzNYAOQ7s	27,30
https://www.youtube.com/watch?v=0UoJyED73bQ	31,30,30
https://www.youtube.com/watch?v=0tteHhYh9rU	3
https://www.youtube.com/watch?v=TMN_cfCSFWw	18,17
https://www.youtube.com/watch?v=azJEx1URHsI	63
https://www.youtube.com/watch?v=y6XSIY9Vs-o	5,5,5,24
https://www.youtube.com/watch?v=qGkDqfdgVEQ	48
https://www.youtube.com/watch?v=rZNiP2ufp_Q	92,65,110,110
https://www.youtube.com/watch?v=cvjQ_AduY0A	16,18
https://www.youtube.com/watch?v=8fs2Yh1PFwM	90,17,18
https://www.youtube.com/watch?v=btu1hCc5F_U	90
https://www.youtube.com/watch?v=1De5_o_DXH0	19,10
https://www.youtube.com/watch?v=9HppFNyqVOI	73,26,27,26
https://www.youtube.com/watch?v=yICX_ZQ86Mw	19,24
https://www.youtube.com/watch?v=jcC3xM8Wa1w	10,70
https://www.youtube.com/watch?v=VK4xZiHDXPI	25,24
https://www.youtube.com/watch?v=4F-fzXW1xUM	22
https://www.youtube.com/watch?v=0xyNNlU4ct8	23,5
https://www.youtube.com/watch?v=tnJ8pPSEW6k	15
https://www.youtube.com/watch?v=ujqpkmaFvmU	58
https://www.youtube.com/watch?v=ipdtwLlWNZQ	24
https://www.youtube.com/watch?v=UTGaYkbvse0	11
https://www.youtube.com/watch?v=tpD4ZPamt68	52,15,15
https://www.youtube.com/watch?v=ivtk6VArFxc	1,5
https://www.youtube.com/watch?v=JzaYcTPLWbE	26,26,27,26
https://www.youtube.com/watch?v=YC6YRjD3080	13
https://www.youtube.com/watch?v=BemkXyTc81w	10,11
https://www.youtube.com/watch?v=BWeGCT7vS-g	22
https://www.youtube.com/watch?v=GTYUpomg4xI	56,7
https://www.youtube.com/watch?v=6e_JbxJijn0	17
https://www.youtube.com/watch?v=kw03nalTAMQ	43,44
https://www.youtube.com/watch?v=teWcTS31dts	15,30,15
https://www.youtube.com/watch?v=oeYKFRV34kY	12,53
https://www.youtube.com/watch?v=dJy8MUESM3k	11,9,25
https://www.youtube.com/watch?v=dOZjgXEAsAA	59,58
https://www.youtube.com/watch?v=ysgwcKNdWg0	59,26,25
https://www.youtube.com/watch?v=uHskC7JRL9M	42,42,43
https://www.youtube.com/watch?v=J7QKeV2-ghk	6,6
https://www.youtube.com/watch?v=1Yq6W7YAHM4	51,51,57
https://www.youtube.com/watch?v=l1gZkf_-UyI	14
https://www.youtube.com/watch?v=FnJ645xph3o	14
https://www.youtube.com/watch?v=dJaLU0w5Do4	20
https://www.youtube.com/watch?v=tO0L-7lkhPM	6
https://www.youtube.com/watch?v=up-FKa0aEuI	12,13
https://www.youtube.com/watch?v=S_US6re0sHM	29,3,21
https://www.youtube.com/watch?v=r6GQEtUREWY	82,57,10,90
https://www.youtube.com/watch?v=mcP_f1UEQVo	12
https://www.youtube.com/watch?v=Jr4gOCh_4Pw	8,9,8
https://www.youtube.com/watch?v=dcNrh8FL3vE	31,27,31
https://www.youtube.com/watch?v=fi7G0RgqcxQ	27
https://www.youtube.com/watch?v=2VgiVK_hOhM	27
https://www.youtube.com/watch?v=PTXV1QRAsko	19,63
https://www.youtube.com/watch?v=6_WAmt3cMdk	55,56
https://www.youtube.com/watch?v=pw6JRuItcus	23
https://www.youtube.com/watch?v=wKn5K5V7tRo	53
https://www.youtube.com/watch?v=jlLJR4xj9p0	26
https://www.youtube.com/watch?v=W5W_i8oa9cE	52,53,53
https://www.youtube.com/watch?v=PySuLH7NAQg	76
https://www.youtube.com/watch?v=DLGac1KQbsU	4,20
https://www.youtube.com/watch?v=Ws-yd9YPfdE	26,29,19
https://www.youtube.com/watch?v=NjFnoU0IJrE	62,56
https://www.youtube.com/watch?v=dlEbGH9HeVg	59,57
https://www.youtube.com/watch?v=bQRLVxZHKPs	36,30,27
https://www.youtube.com/watch?v=OtsVUdEfrQI	8,9,7,9
https://www.youtube.com/watch?v=dBVeiyPVWrU	20
https://www.youtube.com/watch?v=GG_eFXMdX3Y	86,94
https://www.youtube.com/watch?v=BDumsN1NCGg	19
https://www.youtube.com/watch?v=NP4mgObDeUU	28,24,17,28
https://www.youtube.com/watch?v=u4hlzRNu3uE	22,26
https://www.youtube.com/watch?v=2Md5lPyuvsk	41
https://www.youtube.com/watch?v=Kjmq-ADfcGw	59,64,59
https://www.youtube.com/watch?v=lT8bG7XqnBw	23,22,23
https://www.youtube.com/watch?v=1DHo8fYFsd0	26
https://www.youtube.com/watch?v=zN1id2dmH3o	28,25,12
https://www.youtube.com/watch?v=4hN0ai9WzBQ	55,31
https://www.youtube.com/watch?v=7ZOKDqjqbX0	61,62,74
https://www.youtube.com/watch?v=68O0z6lssfE	9,25
https://www.youtube.com/watch?v=c0BCoeOf-Ys	10,66,82
https://www.youtube.com/watch?v=1Dp0aCWbQSE	20
https://www.youtube.com/watch?v=4hScgyXu_9c	21,22,23
https://www.youtube.com/watch?v=QxafIhYFOr0	20,9
https://www.youtube.com/watch?v=fk_YSO0py7s	31,25
https://www.youtube.com/watch?v=HmZm8vNHBSU	26,41
https://www.youtube.com/watch?v=wqiw_E4tyuQ	9,9,10
https://www.youtube.com/watch?v=VJwFUNHtCJQ	24
https://www.youtube.com/watch?v=_XOa7zVqxA4	37,37
https://www.youtube.com/watch?v=zSi2QvSWkVA	20,7
https://www.youtube.com/watch?v=fqXm8MCWfbA	52
https://www.youtube.com/watch?v=Kx48dmDB28U	7,5,7
https://www.youtube.com/watch?v=Gz-sC-vSIXk	23,21
https://www.youtube.com/watch?v=oh8-PifcIUQ	10
https://www.youtube.com/watch?v=dI-xHMM8wXE	60,7,9
https://www.youtube.com/watch?v=HjD7Z36wX5I	15,13
https://www.youtube.com/watch?v=Zz-E8AexUjc	19,6,6
https://www.youtube.com/watch?v=4JhzwNuo75M	60,23,11
https://www.youtube.com/watch?v=Lhozndg5VSE	26
https://www.youtube.com/watch?v=WZElUMthBPI	29,20
https://www.youtube.com/watch?v=ycbHldRpo9k	6
https://www.youtube.com/watch?v=DsjRBYJTGtw	21
https://www.youtube.com/watch?v=5gKjLV2wKmg	11,26,15
https://www.youtube.com/watch?v=NmCKcaAlWZI	18,78,13
https://www.youtube.com/watch?v=n6sAGZ5F7Cc	3,9
https://www.youtube.com/watch?v=vh_EwI8pjQU	9
https://www.youtube.com/watch?v=iUdQhl05fKQ	12,9
https://www.youtube.com/watch?v=JkBNmBQb5qY	53,56,52,54
https://www.youtube.com/watch?v=QDCwAJ87CKU	44
https://www.youtube.com/watch?v=913xrM9FYpI	25,20
https://www.youtube.com/watch?v=PzYKsLch4GM	18
https://www.youtube.com/watch?v=eyzWlMZ1Y54	11,29
https://www.youtube.com/watch?v=0V4UyjEyeOA	42,40,53
https://www.youtube.com/watch?v=FVsgso273EE	51
https://www.youtube.com/watch?v=v8vneqAgaRw	28,25,31
https://www.youtube.com/watch?v=kZV01QAcl20	50
https://www.youtube.com/watch?v=2j4RF6cx0SY	20,11
https://www.youtube.com/watch?v=lPDOh5ZifyM	38
https://www.youtube.com/watch?v=4YHfAIdmIXw	13,12,24
https://www.youtube.com/watch?v=VWPlZSL9ZMc	14
https://www.youtube.com/watch?v=yP4A6r34Vd8	28,15
https://www.youtube.com/watch?v=JOOfRE4m7PE	29
https://www.youtube.com/watch?v=vX6FXRgcKQc	15,54,52
https://www.youtube.com/watch?v=BJQfT9C5Adc	55,28,18
https://www.youtube.com/watch?v=3DYUUdkFQl0	18
https://www.youtube.com/watch?v=udJtfSkRgbA	15
https://www.youtube.com/watch?v=Kk6Bi23Q7-E	24,41,41,41
https://www.youtube.com/watch?v=tLzfc7Ba12k	8
https://www.youtube.com/watch?v=JnP2bVBZ9O8	30,20
https://www.youtube.com/watch?v=KbgKbMk5Q3o	30,7
https://www.youtube.com/watch?v=LJ2iH57Fs3M	78,90,85
https://www.youtube.com/watch?v=en4muUSIRT4	27,16,12
https://www.youtube.com/watch?v=6bJOIqVAD-s	2,30,6,2
https://www.youtube.com/watch?v=ApnyKv1GuNI	25
https://www.youtube.com/watch?v=8nG_wVxO7EM	25,16,27
https://www.youtube.com/watch?v=8uO5PAD_CYA	12
https://www.youtube.com/watch?v=WoYf3DQv6_Y	8
https://www.youtube.com/watch?v=43_vQdp2k_o	6,6
https://www.youtube.com/watch?v=K783SDTBKmg	8,26
https://www.youtube.com/watch?v=9l2FeI5GMg0	16,53,92
https://www.youtube.com/watch?v=w9Sx34swEG0	21,97
https://www.youtube.com/watch?v=N-rgqDhnLoU	24,25,24
https://www.youtube.com/watch?v=GzmuQehRy3A	40,17
https://www.youtube.com/watch?v=jVs5tTEuA-g	25,27
https://www.youtube.com/watch?v=Avsp_UJ3mrY	52,46,56
https://www.youtube.com/watch?v=G1FV7dND0NY	23
https://www.youtube.com/watch?v=ZOJCmPKaYN8	31,47
https://www.youtube.com/watch?v=7X_6k8CjdVI	27,26
https://www.youtube.com/watch?v=Ao0jaXRAarQ	1,55
https://www.youtube.com/watch?v=nZH6YKmtQV8	23,15
https://www.youtube.com/watch?v=qzilmXQ0ReQ	18,18
https://www.youtube.com/watch?v=2msbfN81Gm0	56,57
https://www.youtube.com/watch?v=zk5HsBQYUZw	12
https://www.youtube.com/watch?v=v6OEChj-UiI	56,76,46
https://www.youtube.com/watch?v=BJDPKBNuqzE	30
https://www.youtube.com/watch?v=4h0Qvc6_MfQ	14,16,16
https://www.youtube.com/watch?v=_r7yKaDxGvc	17,26
https://www.youtube.com/watch?v=F4dQ0RchtJw	46,43,41
https://www.youtube.com/watch?v=hInnyzLGS2I	23,19
https://www.youtube.com/watch?v=lCg7cL8PFKY	3,28
https://www.youtube.com/watch?v=d6gJ6dACtqc	9,8,5,10
https://www.youtube.com/watch?v=wYj5o4kQsXs	23
https://www.youtube.com/watch?v=lPdD8NvVfw0	21
https://www.youtube.com/watch?v=Pc5gHm8Po20	80
https://www.youtube.com/watch?v=SlR_fwcU3MU	5,4
https://www.youtube.com/watch?v=laot_Eomr3s	20,28,18
https://www.youtube.com/watch?v=zFubzSu2AOE	13,15
https://www.youtube.com/watch?v=z1rCMzkbhmc	7
https://www.youtube.com/watch?v=AEMK1O0BDqA	100,71,70
https://www.youtube.com/watch?v=v_AMEYsBxZA	50,50,48,50
https://www.youtube.com/watch?v=A5Rnnwk9jOA	24
https://www.youtube.com/watch?v=29VGZtnCD30	9,11
https://www.youtube.com/watch?v=Z2CrW3ntd4I	7,35
https://www.youtube.com/watch?v=vONYT-5OVps	10
https://www.youtube.com/watch?v=MNjWQlr63i4	69
https://www.youtube.com/watch?v=w9R6K1mecEE	81
https://www.youtube.com/watch?v=nnsSUqgkDwU	48
https://www.youtube.com/watch?v=MWWTabHiV2E	44
https://www.youtube.com/watch?v=RvUIbqKyppY	5,25,6
https://www.youtube.com/watch?v=3T_xq0U5D5Y	7,7
https://www.youtube.com/watch?v=QHOaJSXr9HI	15,15
https://www.youtube.com/watch?v=9grrfloJCgc	54
https://www.youtube.com/watch?v=WIlPFRsseQ8	19,21,21
https://www.youtube.com/watch?v=MP-p9i85sNc	59,60
https://www.youtube.com/watch?v=WhF7dQl4Ico	58,44,40
https://www.youtube.com/watch?v=4kvHbFmj38w	21,44,17
https://www.youtube.com/watch?v=7is6r6zXFDc	19
https://www.youtube.com/watch?v=67jh16fASvI	86
https://www.youtube.com/watch?v=ws3PcFqBLdQ	25
https://www.youtube.com/watch?v=Jtakqt3Jygk	24
https://www.youtube.com/watch?v=MrXtSMzjhMQ	12,10
https://www.youtube.com/watch?v=pk2hJRVijm0	11,7
https://www.youtube.com/watch?v=zXU9Ur9QznE	24
https://www.youtube.com/watch?v=wNjQishYOy0	10,55,53,52
https://www.youtube.com/watch?v=xE7m2FRVmrM	16,15,15
https://www.youtube.com/watch?v=xqbebWU-0TI	5
https://www.youtube.com/watch?v=NSvnw3tvPSk	12,1,26,22
https://www.youtube.com/watch?v=RBQ-IoHfimQ	34,44,77
https://www.youtube.com/watch?v=e4TXO49n0P8	73,54
https://www.youtube.com/watch?v=jUnG9FOmbqo	66,68
https://www.youtube.com/watch?v=WFNXwor69-U	58
https://www.youtube.com/watch?v=bCxiuuJVT-8	17
https://www.youtube.com/watch?v=zSM6sAtyvyg	35
https://www.youtube.com/watch?v=E_9N4hLL1lg	59
https://www.youtube.com/watch?v=3UOGKO7tM34	24
https://www.youtube.com/watch?v=5Z_zWIVRIWk	51
https://www.youtube.com/watch?v=KShkhIXdf1Y	28,30,20
https://www.youtube.com/watch?v=tKXxJ29HEiQ	68,65,67
https://www.youtube.com/watch?v=kM8l40QKddE	23,23
https://www.youtube.com/watch?v=y5LAwk4cVjU	9
https://www.youtube.com/watch?v=QoqWo3SJ73c	45
https://www.youtube.com/watch?v=88KNf0MtU14	51
https://www.youtube.com/watch?v=dTcv5q4WfMM	31,23,33
https://www.youtube.com/watch?v=2OCkgMrY0U8	17,25,28
https://www.youtube.com/watch?v=LMCGADFNDiQ	21,15,19
https://www.youtube.com/watch?v=dLchejnnjEI	10,1
https://www.youtube.com/watch?v=kBX9-WUsMAg	8,18
https://www.youtube.com/watch?v=wgBz_WD-jYA	25
https://www.youtube.com/watch?v=E71sKFD-spQ	120,56,71
https://www.youtube.com/watch?v=7gMZ62PsvRM	26,9,8
https://www.youtube.com/watch?v=rA2JuxRdlmA	41,51,35,25
https://www.youtube.com/watch?v=a05vigJA4SY	55,50,44
https://www.youtube.com/watch?v=iuubaXDeXh0	36
https://www.youtube.com/watch?v=4W6VxtNZjok	8,22,9,8
https://www.youtube.com/watch?v=rrxE_KCnO44	36
https://www.youtube.com/watch?v=lvNmIZqU52g	17,19
https://www.youtube.com/watch?v=LT6n1HcJOio	16,14,15
https://www.youtube.com/watch?v=bATzbhGbjiM	29
https://www.youtube.com/watch?v=Y3qYT60DSKQ	22
https://www.youtube.com/watch?v=PkWUuTlXq2w	19
https://www.youtube.com/watch?v=f1ZK7T5dezI	44,6
https://www.youtube.com/watch?v=rmPRHJd3uHI	2
https://www.youtube.com/watch?v=MDni5wUNiuU	7,7,8
https://www.youtube.com/watch?v=fF0ZmIf7H9k	4,41,56
https://www.youtube.com/watch?v=xl3uLkAT_C8	32,20
https://www.youtube.com/watch?v=LD1NnIZocrM	14,1,13
https://www.youtube.com/watch?v=rZx0iJVAN7U	8,11
https://www.youtube.com/watch?v=HpoEk8nlUyA	16
https://www.youtube.com/watch?v=V_gGAPOZbFA	25,43
https://www.youtube.com/watch?v=tE9U4mMqKP4	17,4
https://www.youtube.com/watch?v=ZVrXyDjHaWI	4,12
https://www.youtube.com/watch?v=HxznTayRCYQ	6,27
https://www.youtube.com/watch?v=Go9rf9GmYpM	23
https://www.youtube.com/watch?v=DZRmcKX85so	41,39
https://www.youtube.com/watch?v=j_YJysHv3OM	7
https://www.youtube.com/watch?v=jO3K0B3kLZs	47,51
https://www.youtube.com/watch?v=vRYfouuHPvs	55,45
https://www.youtube.com/watch?v=BSaBDtpts4c	55,21
https://www.youtube.com/watch?v=Sd4C8_FMdjA	99,90,90,78
https://www.youtube.com/watch?v=1lMxZNFripE	25
https://www.youtube.com/watch?v=d5kW4pI_VQw	103,45,46,102
https://www.youtube.com/watch?v=-wXjs6DXoeY	77,55
https://www.youtube.com/watch?v=ulECncwlNMQ	10,12
https://www.youtube.com/watch?v=Sw3tEcz2PK0	57,44,49,44
https://www.youtube.com/watch?v=mqtY88BUi0M	11,5
https://www.youtube.com/watch?v=U-VzZQGWOqA	53,55
https://www.youtube.com/watch?v=WQk6A7eDE5w	30
https://www.youtube.com/watch?v=px6TQ0ZMIsw	65,32,31
https://www.youtube.com/watch?v=AtUBeFiWi8Q	37
https://www.youtube.com/watch?v=pOEAvEklvNA	20
https://www.youtube.com/watch?v=f_mJmL5B47c	6,21
https://www.youtube.com/watch?v=ckwJXpe7fQs	95,52,96
https://www.youtube.com/watch?v=IqhfGwnGNDg	27,21
https://www.youtube.com/watch?v=u0DTlkN_E9c	22
https://www.youtube.com/watch?v=ITyeI3YyYw8	12
https://www.youtube.com/watch?v=8IkS1oXvhVM	33
https://www.youtube.com/watch?v=tzY7qQFij_M	21,11,24
https://www.youtube.com/watch?v=zAGRVQG2dyc	29,14
https://www.youtube.com/watch?v=K1HaaiNUTCM	40,37
https://www.youtube.com/watch?v=as_SyfYC5UM	49,37,68
https://www.youtube.com/watch?v=yX-TZe8SeYk	7
https://www.youtube.com/watch?v=Bnb5iX9aunc	4,11
https://www.youtube.com/watch?v=HTOP6TOJwOI	27
https://www.youtube.com/watch?v=UC9qnjOUjss	116,100
https://www.youtube.com/watch?v=0yA98MujNeM	59,9
https://www.youtube.com/watch?v=Ar7Fj1LzFp8	21,24
https://www.youtube.com/watch?v=7JUExZaSNKA	23,7
https://www.youtube.com/watch?v=Tuj8gy2ICU4	12,10
https://www.youtube.com/watch?v=yQUN7QAnMp0	13,12,11
https://www.youtube.com/watch?v=BrI7VRfqgo4	37,46
https://www.youtube.com/watch?v=w7cQRr5Yca8	7,9,9,9
https://www.youtube.com/watch?v=nosXM4KdAac	20
https://www.youtube.com/watch?v=AmjUGJwu810	18
https://www.youtube.com/watch?v=VyLXZ2GQS7Y	24,22
https://www.youtube.com/watch?v=O6rHeD5x2tI	46,48
https://www.youtube.com/watch?v=BqjKUubsohs	20,56,52
https://www.youtube.com/watch?v=t4_dZPVg8KI	83,84,81
https://www.youtube.com/watch?v=HOYnOeo42ko	28,11,12
https://www.youtube.com/watch?v=hz8ul-gmLyA	9
https://www.youtube.com/watch?v=y5ejwRj9t1Q	36
https://www.youtube.com/watch?v=v8DZc2PUUq0	24,10
https://www.youtube.com/watch?v=xkrLWjNxYbY	21
https://www.youtube.com/watch?v=q1L60jfPgBM	23,90,87
https://www.youtube.com/watch?v=yKY2O4KFmMU	57,11,53
https://www.youtube.com/watch?v=p111hxJYsVo	68,71,71,70
https://www.youtube.com/watch?v=ohRN3yG4TEI	8
https://www.youtube.com/watch?v=0XSNrKgA94g	31,31,33
https://www.youtube.com/watch?v=Lgitw016T44	54
https://www.youtube.com/watch?v=J2pIvg-2vEY	10
https://www.youtube.com/watch?v=CtWirGxV7Q8	53,53
https://www.youtube.com/watch?v=ZZUyZmYbfbY	79,74,78
https://www.youtube.com/watch?v=7_dgiNoBWio	56,47,55
https://www.youtube.com/watch?v=Bqfow_TmNh4	22,16
https://www.youtube.com/watch?v=Tjnddp_pOac	16
https://www.youtube.com/watch?v=36CSS3UIzxk	18
https://www.youtube.com/watch?v=dZmuTGFusIs	14,18
https://www.youtube.com/watch?v=c19HRM0x-lA	66,70,70
https://www.youtube.com/watch?v=hNqwBTCslMw	65
https://www.youtube.com/watch?v=U-knPQ9H_pg	5,10
https://www.youtube.com/watch?v=MeF134YMoS0	5,16
https://www.youtube.com/watch?v=htEtTra7rdw	43,43
https://www.youtube.com/watch?v=jt32In8YzZ0	10,12,15
https://www.youtube.com/watch?v=NwM0YG_uTS8	28
https://www.youtube.com/watch?v=-rMrkyMn-sY	9
https://www.youtube.com/watch?v=0G7g9lw20l4	56
https://www.youtube.com/watch?v=bHwLgwBd6k0	22,27,29
https://www.youtube.com/watch?v=5Y7rDOogcU0	5,74,10,27
https://www.youtube.com/watch?v=EmzgkMsf_GQ	20,21
https://www.youtube.com/watch?v=oddWuCHBmzA	21,50
https://www.youtube.com/watch?v=tcYc33ughfQ	64,31
https://www.youtube.com/watch?v=l10LhdDwTZc	13,16
https://www.youtube.com/watch?v=mrX3Ql31URA	56,55,55
https://www.youtube.com/watch?v=M0LfLk9lLEg	23
https://www.youtube.com/watch?v=v-S3iSqKs64	26
https://www.youtube.com/watch?v=5W4MYJt8c4w	28,27,8,24
https://www.youtube.com/watch?v=8QRs0ejxjEc	27,4
https://www.youtube.com/watch?v=ejEBSeddCg8	51,52,52
https://www.youtube.com/watch?v=7b8zeykara0	16
https://www.youtube.com/watch?v=O4OJoXKWTBk	18
https://www.youtube.com/watch?v=fOUilxJWm24	59,57
https://www.youtube.com/watch?v=qLY8arYdr_k	17,20
https://www.youtube.com/watch?v=Rdz3fUiK4XY	35,47,56,28
https://www.youtube.com/watch?v=kF89VnRrWr0	49,49
https://www.youtube.com/watch?v=LagGSTiSnto	74
https://www.youtube.com/watch?v=gm_n76Dsl0c	21,25,26
https://www.youtube.com/watch?v=OkT_d2OTgv0	5,4
https://www.youtube.com/watch?v=TElqNU5ytVo	22,26
https://www.youtube.com/watch?v=psgJqcvkTuE	7
https://www.youtube.com/watch?v=jEZMSF2jNYg	14,83,11
https://www.youtube.com/watch?v=KZMYWAW-5Js	10,10,1
https://www.youtube.com/watch?v=55BZ2gSsSmY	44
https://www.youtube.com/watch?v=i7NPb5lmQpY	19,18,17,17
https://www.youtube.com/watch?v=oJbdSseA0C8	26,7
https://www.youtube.com/watch?v=EbnWbdR9wSY	29,19,24
https://www.youtube.com/watch?v=C_8TGTKdrlY	28,24,25
https://www.youtube.com/watch?v=Q3v-N8o3lc0	20,19
https://www.youtube.com/watch?v=P0N5JcFqx4M	11,20
https://www.youtube.com/watch?v=315bcBoZoLw	26,16,26
https://www.youtube.com/watch?v=5AuLkMBAFZg	91
https://www.youtube.com/watch?v=vsrjiL1gV6I	41,46,8
https://www.youtube.com/watch?v=wrIZnC8q7RQ	18,17,17
https://www.youtube.com/watch?v=0jBFyck8J5A	26,26,5,26
https://www.youtube.com/watch?v=G9wSAb_EbkA	100,91
https://www.youtube.com/watch?v=biEjueDCnqM	5
https://www.youtube.com/watch?v=dSEI_Iny_zc	12,14,10,10
https://www.youtube.com/watch?v=5hBqqxYcDN8	12
https://www.youtube.com/watch?v=YM-th85hRUU	58
https://www.youtube.com/watch?v=uAgxZ-l5pY8	37
https://www.youtube.com/watch?v=Ocd4NfC7Ltc	24,25,24
https://www.youtube.com/watch?v=uINFVM7TTdY	10
https://www.youtube.com/watch?v=VMjRSnokms8	28,28
https://www.youtube.com/watch?v=em040d_x7xI	10
https://www.youtube.com/watch?v=nyhfJTFJHu8	53,50,50
https://www.youtube.com/watch?v=qN-qliCpTmg	9,11
https://www.youtube.com/watch?v=urkrB7gNwMI	26,26
https://www.youtube.com/watch?v=uNvmSvmNvQM	10,12,13
https://www.youtube.com/watch?v=Hr-4Aln1Il8	31
https://www.youtube.com/watch?v=uVsTeLs4Tdo	9
https://www.youtube.com/watch?v=S71Jmw8FXm8	15,20
https://www.youtube.com/watch?v=rw5arTc26-0	48,47,47,28
https://www.youtube.com/watch?v=GXru4Q7Lgxo	40,23
https://www.youtube.com/watch?v=1Fki1SJ17kQ	45,72,79
https://www.youtube.com/watch?v=0hySFt8O11A	33,29,37
https://www.youtube.com/watch?v=FxZNhjkMtFE	21,27
https://www.youtube.com/watch?v=jtO_MN-m5r8	1,5,5
https://www.youtube.com/watch?v=lN2fuKPDzHA	38
https://www.youtube.com/watch?v=stZFVrvPJ2Q	20,21,30
https://www.youtube.com/watch?v=I6COwgigJ-g	101,98,97
https://www.youtube.com/watch?v=I4kNl7cQdcU	48,60
https://www.youtube.com/watch?v=9xGRii6IA1M	39
https://www.youtube.com/watch?v=Bja2_Qclk9Q	4,14,14
https://www.youtube.com/watch?v=Clu36dt2y88	54,22
https://www.youtube.com/watch?v=AEIS7UJJFAA	6
https://www.youtube.com/watch?v=mqqFdXMySk4	74
https://www.youtube.com/watch?v=qPIj0KJc7kI	9
https://www.youtube.com/watch?v=Htbo1yW6qeU	6,7
https://www.youtube.com/watch?v=b2UUhm4edyc	7,20
https://www.youtube.com/watch?v=bGFyHV2vbwE	18,0
https://www.youtube.com/watch?v=Bgqxt-kfYIY	10
https://www.youtube.com/watch?v=g4qWbtSCxtc	26,26
https://www.youtube.com/watch?v=ZBLkTALi1CI	15
https://www.youtube.com/watch?v=zuzaxlddWbk	77,76,73
https://www.youtube.com/watch?v=nusZoYBbibo	23
https://www.youtube.com/watch?v=tz25tcFSusc	90,90,82
https://www.youtube.com/watch?v=uLTIowBF0kE	26
https://www.youtube.com/watch?v=sAhHHpzXOI8	12
https://www.youtube.com/watch?v=3vaDzDzRH_c	43
https://www.youtube.com/watch?v=zMIKBDwUcrQ	22,24,15
https://www.youtube.com/watch?v=uNMRTsGR2IE	30,17,25
https://www.youtube.com/watch?v=VjGU3I9degQ	35,19
https://www.youtube.com/watch?v=d4rxwT7TwXg	13,8
https://www.youtube.com/watch?v=VWPayR39awI	23
https://www.youtube.com/watch?v=HZu1cTg-xUM	28,28,36,26
https://www.youtube.com/watch?v=-V2r_9Um2Tw	61
https://www.youtube.com/watch?v=lCuLxqGd0go	25,57
https://www.youtube.com/watch?v=wZMZdQzoQgo	36
https://www.youtube.com/watch?v=C6d4o6hxZOY	16,15,17
https://www.youtube.com/watch?v=Y_EeZ90dG48	49
https://www.youtube.com/watch?v=XvjhIbEvA_w	13,30,27
https://www.youtube.com/watch?v=oZCRAxCmar0	22,27,29
https://www.youtube.com/watch?v=ZjFK3L4cvQs	25,9,25
https://www.youtube.com/watch?v=dytCWrf92zc	25,23,21
https://www.youtube.com/watch?v=MQfikxbS4zE	52,14,14
https://www.youtube.com/watch?v=uY3tZNrIstA	25
https://www.youtube.com/watch?v=0b98BFCqOvQ	36
https://www.youtube.com/watch?v=TypQ-iYqiLg	40,55,35
https://www.youtube.com/watch?v=_gXnfGIc1Tk	53
https://www.youtube.com/watch?v=LxK743gc0PI	20
https://www.youtube.com/watch?v=YAhMheigaZE	11,14
https://www.youtube.com/watch?v=ZjNRXfRXnoc	5,27
https://www.youtube.com/watch?v=qhbliUq0_r4	86
https://www.youtube.com/watch?v=Pj_mSZYeLrU	29
https://www.youtube.com/watch?v=DyO-z_7Ip9c	18,16
https://www.youtube.com/watch?v=NeXMxuNNlE8	51,40,86,51
https://www.youtube.com/watch?v=ZDVkPARmDkY	6,12,27
https://www.youtube.com/watch?v=XHSoS4p9688	54,40
https://www.youtube.com/watch?v=ThIrw_LpuRA	28,18
https://www.youtube.com/watch?v=7Ac2cZPOD00	11,21
https://www.youtube.com/watch?v=RNvmfmZqd9I	56,27,60
https://www.youtube.com/watch?v=wvWHNkLSDkg	67,67,68
https://www.youtube.com/watch?v=rm6d2oy8GRk	25,26
https://www.youtube.com/watch?v=tLtschJxRy8	14,8,34
https://www.youtube.com/watch?v=aZSzMIFZT7Q	100
https://www.youtube.com/watch?v=5AaacAMljG8	43,52,42
https://www.youtube.com/watch?v=7-OnEe-dauE	16,16
https://www.youtube.com/watch?v=56b09ZyLaWk	6,46,45
https://www.youtube.com/watch?v=5-t6AIMSCdw	27,10,10
https://www.youtube.com/watch?v=HKV0QuQsonk	30,16,30
https://www.youtube.com/watch?v=-B7oSp8hfF0	19
https://www.youtube.com/watch?v=2G0loI0Jn5M	10
https://www.youtube.com/watch?v=HIuSiteKQXA	2
https://www.youtube.com/watch?v=jr2gdPY-88w	46,105,113
https://www.youtube.com/watch?v=nazd-KgCjVI	24
https://www.youtube.com/watch?v=YqKMI05XHFk	73
https://www.youtube.com/watch?v=Yowkv9zyaF4	14,14,14,14
https://www.youtube.com/watch?v=4oxd-x44YYI	74,79
https://www.youtube.com/watch?v=6XRXBrcdtWg	41,40
https://www.youtube.com/watch?v=oo5zwV6_yVs	79,50,22,78
https://www.youtube.com/watch?v=jRCTcUh-XOc	35,29,35,28
https://www.youtube.com/watch?v=60ewmq3ui7A	3,13,8
https://www.youtube.com/watch?v=Uj6G1C6c0uw	75,43,92
https://www.youtube.com/watch?v=fI6LQSoH37Q	4,10,5
https://www.youtube.com/watch?v=TM0uO6z3zsQ	24,27,17
https://www.youtube.com/watch?v=__C7sd_UDU0	44,30,37,33
https://www.youtube.com/watch?v=q5Mjz1RTfkU	47,72
https://www.youtube.com/watch?v=YLorRByRe0Q	14
https://www.youtube.com/watch?v=DkJ2tyCzyiA	89,30
https://www.youtube.com/watch?v=yl98-LC3fsU	56
https://www.youtube.com/watch?v=xIJORBRpOPM	21
https://www.youtube.com/watch?v=oAYn2lwc3Yo	3
https://www.youtube.com/watch?v=SpSMGxnpCmo	106
https://www.youtube.com/watch?v=pM2OK_JaJ9I	27,18,12
https://www.youtube.com/watch?v=BlfinjxFEYI	13,13
https://www.youtube.com/watch?v=nI9_BTm41MI	34,35,25,33
https://www.youtube.com/watch?v=lOGdCg61QoE	11,25,36
https://www.youtube.com/watch?v=4nIUcRJX9-o	16
https://www.youtube.com/watch?v=SxgcPuY58Js	67,69,48
https://www.youtube.com/watch?v=064ipuBiWDg	45,48
https://www.youtube.com/watch?v=UNEHhUC4UJc	24,22,30
https://www.youtube.com/watch?v=wq25qD44hC0	23,23,15
https://www.youtube.com/watch?v=ALaqqMY2m0k	22,27
https://www.youtube.com/watch?v=wqT2IdFyQ5M	20
https://www.youtube.com/watch?v=e8iwjnN8j3A	41,7
https://www.youtube.com/watch?v=LTunhRVyREU	16
https://www.youtube.com/watch?v=tPZQkkbuD2c	54,60,19,43
https://www.youtube.com/watch?v=1sElYG7LmUU	83
https://www.youtube.com/watch?v=u94i5CWENzI	24,28,10
https://www.youtube.com/watch?v=86IpU3g-S8Q	11,9,9
https://www.youtube.com/watch?v=xFnB0uK7PcQ	26,15
https://www.youtube.com/watch?v=xwNe5Kqi3Ho	6
https://www.youtube.com/watch?v=O8B1ZNv9m4s	80,67
https://www.youtube.com/watch?v=N60utqXf5HQ	35,25,34
https://www.youtube.com/watch?v=1SlSxuhLJVE	30,23
https://www.youtube.com/watch?v=1vtcf13zT08	19
https://www.youtube.com/watch?v=d4m2LDCuADg	25
https://www.youtube.com/watch?v=8UqZzZWZd-Y	30,25,24
https://www.youtube.com/watch?v=wurSu_bJ97U	27,57,45
https://www.youtube.com/watch?v=7ifmgu23ofk	47
https://www.youtube.com/watch?v=qnCnAwws_AQ	8
https://www.youtube.com/watch?v=Rm5HibK7qso	35,21,40,54
https://www.youtube.com/watch?v=xhH2r3mKFeI	56
https://www.youtube.com/watch?v=PGkHLhnHEb0	67,57
https://www.youtube.com/watch?v=Rr6qaG8RlUk	92,28
https://www.youtube.com/watch?v=9Sn8H42FZcI	18
https://www.youtube.com/watch?v=5VPFKnBYOSI	17,59
https://www.youtube.com/watch?v=HHzchaDJJ70	23,51
https://www.youtube.com/watch?v=SPyoiOTdHio	29,76
https://www.youtube.com/watch?v=8mnFRw-6mUo	10,10,13,4
https://www.youtube.com/watch?v=_UU29bZjgz4	25
https://www.youtube.com/watch?v=iVHy8MG2CQU	28,70,64
https://www.youtube.com/watch?v=-NmjyP-Oqz0	21,18,27
https://www.youtube.com/watch?v=RhY_pQm0wYM	35,33,2
https://www.youtube.com/watch?v=EYEHUOpwNvE	22,23,23
https://www.youtube.com/watch?v=jR7RYKPJBdo	24,9,25
https://www.youtube.com/watch?v=R7JBDzuHVb4	82
https://www.youtube.com/watch?v=QLPyuFVKGak	30,12,31
https://www.youtube.com/watch?v=xs9Qu7uiokw	7,21
https://www.youtube.com/watch?v=FXP9jlpcRaI	44,43,34
https://www.youtube.com/watch?v=ohp_nmI_TFA	9,31
https://www.youtube.com/watch?v=APAcU3YBhYc	14,26,31
https://www.youtube.com/watch?v=7sVGB2_zARY	18
https://www.youtube.com/watch?v=e60aAnThrvU	27,27,30
https://www.youtube.com/watch?v=owGykVbfgUE	22,30
https://www.youtube.com/watch?v=PXTagE7BtRU	10
https://www.youtube.com/watch?v=XCibiAnJ6Ts	53,69,55,71
https://www.youtube.com/watch?v=wFl4N4PXlkU	22
https://www.youtube.com/watch?v=s6rrXuFM9TI	12
https://www.youtube.com/watch?v=FJurUjmDs_k	7,25
https://www.youtube.com/watch?v=BhHONpmlxPc	16,6,8
https://www.youtube.com/watch?v=qw6_5t8XfSk	2
https://www.youtube.com/watch?v=FivFaqZrr4A	106
https://www.youtube.com/watch?v=Dk9s3SlM2Rs	39
https://www.youtube.com/watch?v=TF-NuE-U6No	25,7
https://www.youtube.com/watch?v=r8cDvm26VYI	54,68
https://www.youtube.com/watch?v=-44_igsZtgU	82,97,100,66
https://www.youtube.com/watch?v=h7kAzhDDBOw	12
https://www.youtube.com/watch?v=we1c5uzYsTI	88,25,62
https://www.youtube.com/watch?v=vxlUCIqbD8M	24,24,20
https://www.youtube.com/watch?v=bxcX-aJG-4k	6,6
https://www.youtube.com/watch?v=POGBdDSVybk	63
https://www.youtube.com/watch?v=Xr4SYrOzYps	11
https://www.youtube.com/watch?v=u91BucJ4MKE	24,16
https://www.youtube.com/watch?v=jwTIa_2A9ZU	70
https://www.youtube.com/watch?v=AR-Iz1fts5M	58
https://www.youtube.com/watch?v=_AQl4lUrov0	2,5,3
https://www.youtube.com/watch?v=WrE6iE7xnN0	10,10
https://www.youtube.com/watch?v=0P3A6V_sDSI	19,21
https://www.youtube.com/watch?v=tsBrlDMRGGI	19,24,23
https://www.youtube.com/watch?v=2Zr7lY4WsFA	23
https://www.youtube.com/watch?v=n4OAtMEXNfc	1,5
https://www.youtube.com/watch?v=H02iwWCrXew	21,24
https://www.youtube.com/watch?v=oSFnotAmcoA	43,47,59
https://www.youtube.com/watch?v=z1zeaOK2atg	8
https://www.youtube.com/watch?v=aYnA8TCzUvc	21
https://www.youtube.com/watch?v=NpwdcmjBgNA	24
https://www.youtube.com/watch?v=hm0BD1pP4gc	20
https://www.youtube.com/watch?v=V6F2szDteSI	4,1
https://www.youtube.com/watch?v=2jaOd1v1B0Q	19,25,25
https://www.youtube.com/watch?v=A4fMRDP1d6w	10,1
https://www.youtube.com/watch?v=pS9sUm5Y0sg	31,31,42
https://www.youtube.com/watch?v=d8E2pHgxnsU	83,84
https://www.youtube.com/watch?v=x-2uWj8yv0M	6,2
https://www.youtube.com/watch?v=g_dFf9mWxPI	41
https://www.youtube.com/watch?v=uxtNrVVVWVo	21,26,14
https://www.youtube.com/watch?v=i1JccYQFDWw	3,14
https://www.youtube.com/watch?v=TULVRlpsNWo	3,29
https://www.youtube.com/watch?v=KuNcSp2T4Lw	34,27,13
https://www.youtube.com/watch?v=t_HrcY8AWhg	27,3
https://www.youtube.com/watch?v=XZn4opyPfEI	15,22
https://www.youtube.com/watch?v=tWDprSdH2xQ	55,60
https://www.youtube.com/watch?v=c6PPa6sg20E	34
https://www.youtube.com/watch?v=YbKLOybMb30	40
https://www.youtube.com/watch?v=rqp6S6qgVg8	6
https://www.youtube.com/watch?v=DPM3ejkd3fw	12,22
https://www.youtube.com/watch?v=YyRtlIddnmo	57
https://www.youtube.com/watch?v=sQqCzJjev_8	80,88,88
https://www.youtube.com/watch?v=B0YOlACRlJM	42
https://www.youtube.com/watch?v=dX_YU9zCqqA	20,20
https://www.youtube.com/watch?v=BeougwoxuMg	59,59
https://www.youtube.com/watch?v=PaXPMCoC6zA	18
https://www.youtube.com/watch?v=47LCLoidJh4	54,28,51
https://www.youtube.com/watch?v=q9fms5He5bM	7,7,8
https://www.youtube.com/watch?v=ew9cEATPzDE	38,15,67,13
https://www.youtube.com/watch?v=abLB7aTmnE4	30,87,6
https://www.youtube.com/watch?v=e3hB3iOQKjY	61,81
https://www.youtube.com/watch?v=EHu2hoc9ulE	4
https://www.youtube.com/watch?v=hro4AdTYiTA	15,15
https://www.youtube.com/watch?v=7ClI2bp__Bs	14,20,2
https://www.youtube.com/watch?v=8iA2G4xlEpk	21
https://www.youtube.com/watch?v=-2L1zQkJ8UA	43
https://www.youtube.com/watch?v=XP3cyRRAfX0	48,42
https://www.youtube.com/watch?v=cN9OKXtzHtE	64,57,53
https://www.youtube.com/watch?v=lTerDhlAEMI	8,22,8
https://www.youtube.com/watch?v=0A43tb18T8Y	11,19
https://www.youtube.com/watch?v=dskwrtTt2wI	42
https://www.youtube.com/watch?v=EC9j6Wfdq3o	28
https://www.youtube.com/watch?v=CPtRohwHMB4	21,14,21,21
https://www.youtube.com/watch?v=a9WB_PXjTBo	30,27
https://www.youtube.com/watch?v=X2cs8gnb42A	23
https://www.youtube.com/watch?v=Q285dYl2mZI	49,49
https://www.youtube.com/watch?v=QRmPD2nMnBc	4,3
https://www.youtube.com/watch?v=b-j7H71q3jE	22
https://www.youtube.com/watch?v=bJafiCKliA8	43
https://www.youtube.com/watch?v=IvNkGm8mxiM	98
https://www.youtube.com/watch?v=QPc9LhKA5C4	45,47
https://www.youtube.com/watch?v=XutXCTwwmYc	13
https://www.youtube.com/watch?v=a3NQ7CA-8JY	55
https://www.youtube.com/watch?v=uQeh2G161Bo	6,6
https://www.youtube.com/watch?v=bbEy98llGRU	8
https://www.youtube.com/watch?v=nMzdAZ3TjCA	23,26
https://www.youtube.com/watch?v=_G-PTQ2OWe4	22,10,20
https://www.youtube.com/watch?v=ghex3MkcoJw	22
https://www.youtube.com/watch?v=OX98015fQFI	45,31,50
https://www.youtube.com/watch?v=mrh9tPkQwCY	14,7
https://www.youtube.com/watch?v=GOhbZZy02lQ	10
https://www.youtube.com/watch?v=A-taWymx1WI	55,55,56,52
https://www.youtube.com/watch?v=SILvPVVAhBo	24,18
https://www.youtube.com/watch?v=zv750BWrUhY	55,62,42
https://www.youtube.com/watch?v=O7aSsaTqBCc	71,70,70
https://www.youtube.com/watch?v=5ecTR_nQzkg	34
https://www.youtube.com/watch?v=OEQzJRRIXKs	7,22,21,6
https://www.youtube.com/watch?v=-GXvYexMoZY	75,78,76
https://www.youtube.com/watch?v=wvmnRLFYIIU	21,17,28
https://www.youtube.com/watch?v=gg8P9fM3G8k	16,20,24,13
https://www.youtube.com/watch?v=PccOSTr-qvA	39,38,5
https://www.youtube.com/watch?v=28pbk_cQx-w	40,44
https://www.youtube.com/watch?v=Nfh92hKLO6c	4
https://www.youtube.com/watch?v=pSe40tX-oTA	15,13,23
https://www.youtube.com/watch?v=uVzhtuuy0b8	20,21
https://www.youtube.com/watch?v=y7ROJjWS2L0	1
https://www.youtube.com/watch?v=ZE72ilXg0jQ	24,9
https://www.youtube.com/watch?v=LjBIJGMum9A	5
https://www.youtube.com/watch?v=47cAxRX3aDg	22
